Rk,Player,Tm,2019-20,2020-21,2021-22,2022-23,2023-24,2024-25,Signed Using,Guaranteed
1,Stephen Curry\curryst01,GSW,"$40,231,758 ","$43,006,362 ","$45,780,966 ",,,,Bird Rights,"$129,019,086 "
2,Chris Paul\paulch01,OKC,"$38,506,482 ","$41,358,814 ","$44,211,146 ",,,,,"$124,076,442 "
3,Russell Westbrook\westbru01,HOU,"$38,178,000 ","$41,006,000 ","$43,848,000 ","$46,662,000 ",,,Bird Rights,"$123,032,000 "
4,John Wall\walljo01,WAS,"$37,800,000 ","$40,824,000 ","$43,848,000 ","$46,872,000 ",,,Bird Rights,"$122,472,000 "
5,James Harden\hardeja01,HOU,"$37,800,000 ","$40,824,000 ","$43,848,000 ","$46,872,000 ",,,Bird Rights,"$122,472,000 "
6,LeBron James\jamesle01,LAL,"$37,436,858 ","$39,219,565 ","$41,002,273 ",,,,,"$76,656,423 "
7,Kevin Durant\duranke01,BRK,"$37,199,000 ","$39,058,950 ","$40,918,900 ","$42,778,850 ",,,,"$117,176,850 "
8,Blake Griffin\griffbl01,DET,"$34,234,964 ","$36,595,996 ","$38,957,028 ",,,,Bird Rights,"$70,830,960 "
9,Kyle Lowry\lowryky01,TOR,"$33,296,296 ","$30,000,000 ",,,,,Bird Rights,"$63,296,296 "
10,Paul George\georgpa01,LAC,"$33,005,556 ","$35,450,412 ","$37,895,268 ",,,,Maximum Salary,"$68,455,968 "
11,Klay Thompson\thompkl01,GSW,"$32,742,000 ","$35,361,360 ","$37,980,720 ","$40,600,080 ","$43,219,440 ",,,"$189,903,600 "
12,Jimmy Butler\butleji01,MIA,"$32,742,000 ","$34,379,100 ","$36,016,200 ","$37,653,300 ",,,,"$103,137,300 "
13,Kemba Walker\walkeke02,BOS,"$32,742,000 ","$34,379,100 ","$36,016,200 ","$37,653,300 ",,,,"$103,137,300 "
14,Kawhi Leonard\leonaka01,LAC,"$32,742,000 ","$34,379,100 ","$36,016,200 ",,,,,"$67,121,100 "
15,Gordon Hayward\haywago01,BOS,"$32,700,690 ","$34,187,085 ",,,,,Cap space,"$32,700,690 "
16,Mike Conley\conlemi01,UTA,"$32,511,623 ","$34,504,132 ",,,,,Cap Space,"$54,938,006 "
17,Kyrie Irving\irvinky01,BRK,"$31,742,000 ","$33,329,100 ","$34,916,200 ","$36,503,300 ",,,,"$136,490,600 "
18,Tobias Harris\harrito02,PHI,"$31,034,483 ","$33,517,241 ","$36,000,000 ","$38,482,759 ","$40,965,517 ",,,"$180,000,000 "
19,Khris Middleton\middlkh01,MIL,"$30,603,448 ","$33,051,724 ","$35,500,000 ","$37,948,276 ","$40,396,552 ",,,"$137,103,448 "
20,Paul Millsap\millspa01,DEN,"$30,500,000 ",,,,,,Cap space,"$30,500,000 "
21,Damian Lillard\lillada01,POR,"$29,802,321 ","$31,626,953 ","$43,750,000 ","$47,250,000 ","$50,750,000 ","$54,250,000 ",1st Round Pick,"$257,429,274 "
22,Kevin Love\loveke01,CLE,"$28,900,000 ","$31,300,000 ","$31,300,000 ","$28,900,000 ",,,Bird Rights,"$120,400,000 "
23,Nikola Vučević\vucevni01,ORL,"$28,000,000 ","$26,000,000 ","$24,000,000 ","$22,000,000 ",,,,"$100,000,000 "
24,Al Horford\horfoal01,PHI,"$28,000,000 ","$27,500,000 ","$27,000,000 ","$26,500,000 ",,,,"$97,000,000 "
25,DeMar DeRozan\derozde01,SAS,"$27,739,975 ","$27,739,975 ",,,,,Cap Space,"$27,739,975 "
26,CJ McCollum\mccolcj01,POR,"$27,556,959 ","$29,354,152 ","$30,864,198 ","$33,333,333 ","$35,802,469 ",,1st Round Pick,"$156,911,111 "
27,Joel Embiid\embiijo01,PHI,"$27,504,630 ","$29,542,010 ","$31,579,390 ","$33,616,770 ",,,1st Round Pick,"$122,242,800 "
28,Andrew Wiggins\wiggian01,GSW,"$27,504,630 ","$29,542,010 ","$31,579,390 ","$33,616,770 ",,,1st Round Pick,"$122,242,800 "
29,Kristaps Porziņģis\porzikr01,DAL,"$27,285,000 ","$29,467,800 ","$31,650,600 ","$33,833,400 ","$36,016,200 ",,,"$122,236,800 "
30,D'Angelo Russell\russeda01,MIN,"$27,285,000 ","$28,649,250 ","$30,013,500 ","$31,377,750 ",,,,"$117,325,500 "
31,Otto Porter\porteot01,CHI,"$27,250,576 ","$28,489,239 ",,,,,Bird Rights,"$27,250,576 "
32,Devin Booker\bookede01,PHO,"$27,250,000 ","$29,430,000 ","$31,610,000 ","$33,790,000 ","$35,970,000 ",,1st round pick,"$158,050,000 "
33,Karl-Anthony Towns\townska01,MIN,"$27,250,000 ","$29,430,000 ","$31,610,000 ","$33,790,000 ","$35,970,000 ",,1st round pick,"$155,870,000 "
34,Bradley Beal\bealbr01,WAS,"$27,093,019 ","$28,751,775 ","$34,502,130 ","$37,262,300 ",,,Cap Space,"$90,346,924 "
35,Anthony Davis\davisan02,LAL,"$27,093,019 ","$28,751,775 ",,,,,1st Round Pick,"$27,093,019 "
36,Andre Drummond\drumman01,CLE,"$27,093,019 ","$28,751,775 ",,,,,Cap Space,"$27,093,019 "
37,Hassan Whiteside\whiteha01,POR,"$27,093,018 ",,,,,,Cap Space,"$27,093,018 "
38,Nikola Jokić\jokicni01,DEN,"$26,573,595 ","$28,542,009 ","$30,510,423 ","$32,478,837 ",,,,"$118,104,864 "
39,Jrue Holiday\holidjr01,NOP,"$26,131,111 ","$26,131,111 ","$27,020,000 ",,,,Bird Rights,"$52,262,222 "
40,LaMarcus Aldridge\aldrila01,SAS,"$26,000,000 ","$24,000,000 ",,,,,Cap Space,"$50,000,000 "
41,Steven Adams\adamsst01,OKC,"$25,842,697 ","$27,528,090 ",,,,,1st Round Pick,"$53,370,787 "
42,Giannis Antetokounmpo\antetgi01,MIL,"$25,842,697 ","$27,528,090 ",,,,,1st Round Pick,"$53,370,787 "
43,Marc Gasol\gasolma01,TOR,"$25,595,700 ",,,,,,Bird Rights,"$25,595,700 "
44,Nicolas Batum\batumni01,CHO,"$25,565,217 ","$27,130,434 ",,,,,Cap Space,"$25,565,217 "
45,Chandler Parsons\parsoch01,ATL,"$25,102,511 ",,,,,,,"$25,102,511 "
46,Rudy Gobert\goberru01,UTA,"$25,008,427 ","$26,525,281 ",,,,,1st Round Pick,"$51,533,708 "
47,Harrison Barnes\barneha02,SAC,"$24,147,727 ","$22,215,909 ","$20,284,091 ","$18,352,273 ",,,,"$85,000,000 "
48,Serge Ibaka\ibakase01,TOR,"$23,271,604 ",,,,,,Cap space,"$23,271,604 "
49,Danilo Gallinari\gallida01,OKC,"$22,615,559 ",,,,,,Sign and Trade,"$22,615,559 "
50,Victor Oladipo\oladivi01,IND,"$21,000,000 ","$21,000,000 ",,,,,1st Round Pick,"$42,000,000 "
51,Malcolm Brogdon\brogdma01,IND,"$20,000,000 ","$20,700,000 ","$21,700,000 ","$22,600,000 ",,,,"$85,000,000 "
52,Terry Rozier\roziete01,CHO,"$19,894,737 ","$18,900,000 ","$17,905,263 ",,,,,"$56,700,000 "
53,Aaron Gordon\gordoaa01,ORL,"$19,863,636 ","$18,136,364 ","$16,409,091 ",,,,,"$54,409,091 "
54,Zach LaVine\lavinza01,CHI,"$19,500,000 ","$19,500,000 ","$19,500,000 ",,,,,"$58,500,000 "
55,Kent Bazemore\bazemke01,SAC,"$19,269,662 ",,,,,,Cap Space,"$19,269,662 "
56,Tyler Johnson\johnsty01,PHO,"$19,245,370 ",,,,,,,"$19,245,370 "
57,Goran Dragić\dragigo01,MIA,"$19,217,900 ",,,,,,Bird Rights,"$19,217,900 "
58,Jeff Teague\teaguje01,ATL,"$19,000,000 ",,,,,,Cap space,"$19,000,000 "
59,Evan Turner\turneev01,MIN,"$18,606,557 ",,,,,,Cap Space,"$18,606,557 "
60,Draymond Green\greendr01,GSW,"$18,539,130 ","$22,246,956 ","$24,026,712 ","$25,806,469 ","$27,586,225 ",,Bird Rights,"$90,619,267 "
61,Tristan Thompson\thomptr01,CLE,"$18,539,130 ",,,,,,Bird Rights,"$18,539,130 "
62,Allen Crabbe\crabbal01,MIN,"$18,500,000 ",,,,,,,"$18,500,000 "
63,Tim Hardaway\hardati02,DAL,"$18,150,000 ","$18,975,000 ",,,,,Cap space,"$18,150,000 "
64,Myles Turner\turnemy01,IND,"$18,000,000 ","$18,000,000 ","$18,000,000 ","$18,000,000 ",,,1st round pick,"$72,000,000 "
65,Julius Randle\randlju01,NYK,"$18,000,000 ","$18,900,000 ","$19,800,000 ",,,,,"$40,900,000 "
66,Gary Harris\harriga01,DEN,"$17,839,286 ","$19,160,714 ","$20,482,143 ",,,,1st Round Pick,"$57,482,143 "
67,Derrick Favors\favorde01,NOP,"$17,650,000 ",,,,,,,"$17,650,000 "
68,Reggie Jackson\jacksre01,DET,"$17,286,956 ",,,,,,,"$17,286,956 "
69,Andre Iguodala\iguodan01,MIA,"$17,185,185 ","$15,000,000 ","$15,000,000 ",,,,Bird Rights,"$32,185,185 "
70,Bojan Bogdanović\bogdabo02,UTA,"$17,000,000 ","$17,850,000 ","$18,700,000 ","$19,550,000 ",,,,"$73,100,000 "
71,Evan Fournier\fournev01,ORL,"$17,000,000 ","$17,000,000 ",,,,,Cap Space,"$17,000,000 "
72,Bismack Biyombo\biyombi01,CHO,"$17,000,000 ",,,,,,Cap Space,"$17,000,000 "
73,Clint Capela\capelca01,ATL,"$16,456,522 ","$17,500,000 ","$18,543,478 ","$19,586,957 ",,,,"$72,086,957 "
74,Gorgui Dieng\dienggo01,MEM,"$16,229,213 ","$17,287,640 ",,,,,1st Round Pick,"$33,516,853 "
75,Ricky Rubio\rubiori01,PHO,"$16,190,476 ","$17,000,000 ","$17,809,524 ",,,,,"$51,000,000 "
76,Jonas Valančiūnas\valanjo01,MEM,"$16,000,000 ","$15,000,000 ","$14,000,000 ",,,,,"$45,000,000 "
77,Brandon Knight\knighbr03,DET,"$15,643,750 ",,,,,,,"$15,643,750 "
78,Eric Bledsoe\bledser01,MIL,"$15,625,000 ","$16,875,000 ","$18,125,000 ","$19,375,000 ",,,Bird Rights,"$54,525,000 "
79,Kelly Oubre\oubreke01,PHO,"$15,625,000 ","$14,375,000 ",,,,,,"$30,000,000 "
80,Dennis Schröder\schrode01,OKC,"$15,500,000 ","$15,500,000 ",,,,,1st Round Pick,"$31,000,000 "
81,Ian Mahinmi\mahinia01,WAS,"$15,450,051 ",,,,,,Cap Space,"$15,450,051 "
82,James Johnson\johnsja01,MIN,"$15,349,400 ","$16,047,100 ",,,,,Cap space,"$15,349,400 "
83,Marvin Williams\willima02,CHO,"$15,006,250 ",,,,,,,"$15,006,250 "
84,Bobby Portis\portibo01,NYK,"$15,000,000 ","$15,750,000 ",,,,,,"$15,000,000 "
85,Marcus Morris\morrima03,LAC,"$15,000,000 ",,,,,,,"$15,000,000 "
86,Danny Green\greenda02,LAL,"$14,634,146 ","$15,365,854 ",,,,,,"$30,000,000 "
87,Cody Zeller\zelleco01,CHO,"$14,471,910 ","$15,415,730 ",,,,,1st Round Pick,"$29,887,640 "
88,Eric Gordon\gordoer01,HOU,"$14,057,730 ","$16,869,276 ","$18,218,818 ","$19,568,360 ","$20,917,902 ",,Cap Space,"$68,714,184 "
89,Mason Plumlee\plumlma01,DEN,"$14,041,096 ",,,,,,Cap space,"$14,041,096 "
90,Rudy Gay\gayru01,SAS,"$14,000,000 ","$14,000,000 ",,,,,,"$28,000,000 "
91,J.J. Redick\redicjj01,NOP,"$13,486,300 ","$13,013,700 ",,,,,,"$26,500,000 "
92,Jordan Clarkson\clarkjo01,UTA,"$13,437,500 ",,,,,,Cap Space,"$13,437,500 "
93,Dewayne Dedmon\dedmode01,ATL,"$13,333,334 ","$13,333,333 ","$13,333,333 ",,,,,"$40,000,000 "
94,Solomon Hill\hillso01,MIA,"$13,258,781 ",,,,,,Cap Space,"$13,258,781 "
95,Justise Winslow\winslju01,MEM,"$13,000,000 ","$13,000,000 ","$13,000,000 ",,,,1st round pick,"$26,000,000 "
96,Michael Kidd-Gilchrist\kiddgmi01,CHO,"$13,000,000 ",,,,,,,"$13,000,000 "
97,Will Barton\bartowi01,DEN,"$12,960,000 ","$13,920,000 ","$14,880,000 ",,,,,"$26,880,000 "
98,Thaddeus Young\youngth01,CHI,"$12,900,000 ","$13,545,000 ","$14,190,000 ",,,,,"$32,445,000 "
99,Courtney Lee\leeco01,DAL,"$12,759,670 ",,,,,,Cap Space,"$12,759,670 "
100,Larry Nance\nancela02,CLE,"$12,727,273 ","$11,709,091 ","$10,690,909 ","$9,672,727 ",,,1st Round pick,"$44,800,000 "
101,Marcus Smart\smartma01,BOS,"$12,553,471 ","$13,446,428 ","$14,339,285 ",,,,,"$40,339,184 "
102,Terrence Ross\rosste01,ORL,"$12,500,000 ","$13,500,000 ","$12,500,000 ","$11,500,000 ",,,,"$50,000,000 "
103,Miles Plumlee\plumlmi01,MEM,"$12,500,000 ",,,,,,,"$12,500,000 "
104,Patty Mills\millspa02,SAS,"$12,428,571 ","$13,285,714 ",,,,,Bird Rights,"$25,714,285 "
105,Patrick Beverley\beverpa01,LAC,"$12,345,679 ","$13,333,333 ","$14,320,988 ",,,,,"$40,000,000 "
106,Trevor Ariza\arizatr01,POR,"$12,200,000 ","$12,800,000 ",,,,,,"$14,000,000 "
107,Dion Waiters\waitedi01,MEM,"$12,100,000 ","$12,650,000 ",,,,,,"$24,750,000 "
108,Brook Lopez\lopezbr01,MIL,"$12,093,024 ","$12,697,675 ","$13,302,325 ","$13,906,976 ",,,,"$52,000,000 "
109,Jusuf Nurkić\nurkiju01,POR,"$12,000,000 ","$12,000,000 ","$12,000,000 ",,,,,"$28,000,000 "
110,Cory Joseph\josepco01,SAC,"$12,000,000 ","$12,600,000 ","$12,600,000 ",,,,,"$24,600,000 "
111,Joe Ingles\inglejo01,UTA,"$11,954,546 ","$10,863,637 ","$14,000,000 ",,,,Bird Rights,"$36,818,183 "
112,Kelly Olynyk\olynyke01,MIA,"$11,667,885 ","$12,198,243 ",,,,,Cap space,"$11,667,885 "
113,Maurice Harkless\harklma01,NYK,"$11,511,234 ",,,,,,Cap Space,"$11,511,234 "
114,Tony Snell\snellto01,DET,"$11,392,857 ","$12,178,571 ",,,,,Cap space,"$11,392,857 "
115,Robert Covington\covinro01,HOU,"$11,301,219 ","$12,138,345 ","$12,975,471 ",,,,Cap Space,"$36,415,035 "
116,Meyers Leonard\leoname01,MIA,"$11,286,515 ",,,,,,Cap Space,"$11,286,515 "
117,T.J. Warren\warretj01,IND,"$10,810,000 ","$11,750,000 ","$12,690,000 ",,,,1st Round Pick,"$35,250,000 "
118,Andre Roberson\roberan03,OKC,"$10,740,741 ",,,,,,Bird Rights,"$10,740,741 "
119,Spencer Dinwiddie\dinwisp01,BRK,"$10,600,000 ","$11,400,000 ","$12,300,000 ",,,,Minimum Salary,"$22,000,000 "
120,Jeremy Lamb\lambje01,IND,"$10,500,000 ","$10,500,000 ","$10,500,000 ",,,,,"$31,500,000 "
121,Dwight Powell\poweldw01,DAL,"$10,259,375 ","$10,185,185 ","$11,000,000 ","$11,814,815 ",,,Cap Space,"$43,259,375 "
122,Norman Powell\powelno01,TOR,"$10,116,576 ","$10,865,952 ","$11,615,328 ",,,,Cap Space,"$20,982,528 "
123,Josh Richardson\richajo01,PHI,"$10,100,000 ","$10,800,000 ","$11,600,000 ",,,,Minimum Salary,"$20,900,000 "
124,Tomáš Satoranský\satorto01,CHI,"$10,000,000 ","$10,000,000 ","$10,000,000 ",,,,,"$25,000,000 "
125,DeAndre Jordan\jordade01,BRK,"$9,881,598 ","$10,375,678 ","$9,881,598 ","$9,821,842 ",,,,"$39,960,716 "
126,Taj Gibson\gibsota01,NYK,"$9,800,000 ","$10,290,000 ",,,,,,"$9,800,000 "
127,Zion Williamson\willizi01,NOP,"$9,757,440 ","$10,245,480 ","$10,733,400 ","$13,534,817 ",,,1st Round Pick,"$20,002,920 "
128,Markelle Fultz\fultzma01,ORL,"$9,745,200 ","$12,288,697 ",,,,,1st Round Pick,"$22,033,897 "
129,John Henson\hensojo01,DET,"$9,732,396 ",,,,,,1st Round Pick,"$9,732,396 "
130,Matthew Dellavedova\dellama01,CLE,"$9,607,500 ",,,,,,Cap Space,"$9,607,500 "
131,Dante Exum\exumda01,CLE,"$9,600,000 ","$9,600,000 ",,,,,Cap Space,"$18,200,000 "
132,Deandre Ayton\aytonde01,PHO,"$9,562,920 ","$10,018,200 ","$12,632,950 ",,,,1st Round Pick,"$19,581,120 "
133,Delon Wright\wrighde01,DAL,"$9,473,684 ","$9,000,000 ","$8,526,316 ",,,,,"$27,000,000 "
134,Jerami Grant\grantje01,DEN,"$9,346,153 ","$9,346,153 ",,,,,,"$9,346,153 "
135,Al-Farouq Aminu\aminual01,ORL,"$9,258,000 ","$9,720,900 ","$10,183,800 ",,,,MLE,"$29,162,700 "
136,George Hill\hillge01,MIL,"$9,133,907 ","$9,590,602 ","$10,047,297 ",,,,,"$21,000,000 "
137,Kyle Anderson\anderky01,MEM,"$9,073,050 ","$9,505,100 ","$9,937,150 ",,,,MLE,"$28,515,300 "
138,Fred VanVleet\vanvlfr01,TOR,"$9,000,000 ",,,,,,Bird Rights,"$9,000,000 "
139,Ja Morant\moranja01,MEM,"$8,730,240 ","$9,166,800 ","$9,603,360 ","$12,119,440 ",,,1st Round Pick,"$17,897,040 "
140,C.J. Miles\milescj01,WAS,"$8,730,158 ",,,,,,,"$8,730,158 "
141,Lonzo Ball\balllo01,NOP,"$8,719,320 ","$11,003,782 ",,,,,1st Round Pick,"$19,723,102 "
142,E'Twaun Moore\mooreet01,NOP,"$8,664,928 ",,,,,,Cap Space,"$8,664,928 "
143,Marvin Bagley\baglema01,SAC,"$8,556,120 ","$8,963,640 ","$11,312,114 ",,,,1st Round Pick,"$17,519,760 "
144,Bogdan Bogdanović\bogdabo01,SAC,"$8,529,386 ",,,,,,Cap space,"$8,529,386 "
145,Tyus Jones\jonesty01,MEM,"$8,408,000 ","$7,965,100 ","$7,522,200 ",,,,MLE,"$23,895,300 "
146,P.J. Tucker\tuckepj01,HOU,"$8,349,039 ","$7,969,537 ",,,,,MLE,"$16,318,576 "
147,Cristiano Felício\feliccr01,CHI,"$8,156,500 ","$7,529,020 ",,,,,Cap space,"$15,685,520 "
148,Ben Simmons\simmobe01,PHI,"$8,113,930 ","$29,250,000 ","$31,590,000 ","$33,930,000 ","$36,270,000 ","$38,610,000 ",1st Round pick,"$177,763,930 "
149,Kentavious Caldwell-Pope\caldwke01,LAL,"$8,089,282 ","$8,493,746 ",,,,,,"$8,089,282 "
150,Maxi Kleber\klebima01,DAL,"$8,000,000 ","$8,250,000 ","$8,750,000 ","$9,000,000 ",,,,"$25,000,000 "
151,Lou Williams\willilo02,LAC,"$8,000,000 ","$8,000,000 ",,,,,Cap Space,"$16,000,000 "
152,Elfrid Payton\paytoel01,NYK,"$8,000,000 ","$8,000,000 ",,,,,,"$9,000,000 "
153,Thomas Bryant\bryanth01,WAS,"$7,936,508 ","$8,333,333 ","$8,730,159 ",,,,,"$25,000,000 "
154,RJ Barrett\barrerj01,NYK,"$7,839,960 ","$8,231,760 ","$8,623,920 ","$10,900,635 ",,,1st Round Pick,"$16,071,720 "
155,Jayson Tatum\tatumja01,BOS,"$7,830,000 ","$9,897,120 ",,,,,1st Round Pick,"$17,727,120 "
156,Jae Crowder\crowdja01,MIA,"$7,815,533 ",,,,,,Bird Rights,"$7,815,533 "
157,Wayne Ellington\ellinwa01,NYK,"$7,804,878 ","$8,195,122 ",,,,,,"$7,804,878 "
158,Luka Dončić\doncilu01,DAL,"$7,683,360 ","$8,049,360 ","$10,174,391 ",,,,1st Round Pick,"$15,732,720 "
159,Joe Harris\harrijo01,BRK,"$7,670,000 ",,,,,,Early Bird Rights,"$7,670,000 "
160,Seth Curry\curryse01,DAL,"$7,441,860 ","$7,813,953 ","$8,186,047 ","$8,558,140 ",,,MLE,"$32,000,000 "
161,Doug McDermott\mcderdo01,IND,"$7,333,334 ","$7,333,333 ",,,,,,"$14,666,667 "
162,Langston Galloway\gallola01,DET,"$7,333,333 ",,,,,,MLE,"$7,333,333 "
163,Derrick Rose\rosede01,DET,"$7,317,073 ","$7,682,927 ",,,,,MLE,"$15,000,000 "
164,Brandon Ingram\ingrabr01,NOP,"$7,265,485 ",,,,,,1st Round pick,"$7,265,485 "
165,D.J. Augustin\augusdj01,ORL,"$7,250,000 ",,,,,,Cap Space,"$7,250,000 "
166,Darius Miller\milleda01,NOP,"$7,250,000 ","$7,000,000 ",,,,,,"$7,250,000 "
167,De'Andre Hunter\huntede01,ATL,"$7,068,360 ","$7,422,000 ","$7,775,400 ","$9,835,881 ",,,1st Round Pick,"$14,490,360 "
168,Josh Jackson\jacksjo02,MEM,"$7,059,480 ",,,,,,1st Round Pick,"$7,059,480 "
169,Dāvis Bertāns\bertada01,WAS,"$7,000,000 ",,,,,,Early Bird Rights,"$7,000,000 "
170,Ersan İlyasova\ilyaser01,MIL,"$7,000,000 ","$7,000,000 ",,,,,MLE,"$7,000,000 "
171,Jaren Jackson\jacksja02,MEM,"$6,927,480 ","$7,257,360 ","$9,180,560 ",,,,1st Round Pick,"$14,184,840 "
172,DeMarre Carroll\carrode01,SAS,"$6,842,307 ","$6,167,887 ","$1,252,127 ",,,,,"$14,262,321 "
173,Nemanja Bjelica\bjeline01,SAC,"$6,825,000 ","$7,150,000 ",,,,,,"$6,825,000 "
174,Jaylen Brown\brownja02,BOS,"$6,534,829 ","$22,991,071 ","$24,830,357 ","$26,669,643 ","$28,508,929 ",,1st Rd pick,"$109,534,829 "
175,Jabari Parker\parkeja01,SAC,"$6,500,000 ","$6,500,000 ",,,,,,"$6,500,000 "
176,Ivica Zubac\zubaciv01,LAC,"$6,481,482 ","$7,000,000 ","$7,518,518 ","$7,518,518 ",,,,"$21,000,000 "
177,Joakim Noah\noahjo01,NYK,"$6,431,666 ","$6,431,666 ","$6,431,666 ",,,,,"$19,294,998 "
178,Darius Garland\garlada01,CLE,"$6,400,920 ","$6,720,720 ","$7,040,880 ","$8,920,795 ",,,1st Round Pick,"$13,121,640 "
179,De'Aaron Fox\foxde01,SAC,"$6,392,760 ","$8,099,627 ",,,,,1st Round Pick,"$14,492,387 "
180,Trae Young\youngtr01,ATL,"$6,273,000 ","$6,571,800 ","$8,326,471 ",,,,1st Round Pick,"$12,844,800 "
181,Montrezl Harrell\harremo01,LAC,"$6,000,000 ",,,,,,,"$6,000,000 "
182,Ish Smith\smithis01,WAS,"$5,853,659 ","$6,146,341 ",,,,,MLE,"$12,000,000 "
183,Marco Belinelli\belinma01,SAS,"$5,846,154 ",,,,,,MLE,"$5,846,154 "
184,Jarrett Culver\culveja01,MIN,"$5,813,640 ","$6,104,280 ","$6,395,160 ","$8,109,063 ",,,1st Round Pick,"$11,917,920 "
185,Jonathan Isaac\isaacjo01,ORL,"$5,806,440 ","$7,362,566 ",,,,,1st Round Pick,"$13,169,006 "
186,Rodney Hood\hoodro01,POR,"$5,718,000 ","$6,003,900 ",,,,,MLE,"$5,718,000 "
187,Mo Bamba\bambamo01,ORL,"$5,697,600 ","$5,969,040 ","$7,568,742 ",,,,1st Round Pick,"$11,666,640 "
188,Timofey Mozgov\mozgoti01,ORL,"$5,573,333 ","$5,573,333 ","$5,573,334 ",,,,,"$16,720,000 "
189,Trey Lyles\lylestr01,SAS,"$5,500,000 ","$5,500,000 ",,,,,MLE,"$5,500,000 "
190,Deron Williams\willide01,BRK,"$5,474,787 ",,,,,,,"$5,474,787 "
191,Aron Baynes\baynear01,PHO,"$5,453,280 ",,,,,,,"$5,453,280 "
192,Kris Dunn\dunnkr01,CHI,"$5,348,007 ",,,,,,1st Round pick,"$5,348,007 "
193,Josh Smith\smithjo03,DET,"$5,331,729 ",,,,,,,"$5,331,729 "
194,Coby White\whiteco01,CHI,"$5,307,120 ","$5,572,680 ","$5,837,760 ","$7,413,955 ",,,1st Round Pick,"$10,879,800 "
195,Lauri Markkanen\markkla01,CHI,"$5,300,400 ","$6,731,508 ",,,,,1st Round Pick,"$12,031,908 "
196,Ryan Anderson\anderry01,MIA,"$5,214,583 ","$5,214,583 ","$5,214,584 ",,,,,"$15,643,750 "
197,Wendell Carter\cartewe01,CHI,"$5,201,400 ","$5,448,840 ","$6,920,027 ",,,,1st Round Pick,"$10,650,240 "
198,Pau Gasol\gasolpa01,SAS,"$5,100,000 ",,,,,,,"$5,100,000 "
199,Daniel Theis\theisda01,BOS,"$5,000,000 ","$5,000,000 ",,,,,,"$5,000,000 "
200,Luol Deng\denglu01,LAL,"$4,990,000 ","$4,990,000 ","$4,990,000 ",,,,,"$14,970,000 "
201,Jaxson Hayes\hayesja02,NOP,"$4,862,040 ","$5,105,160 ","$5,348,280 ","$6,803,012 ",,,1st Round Pick,"$9,967,200 "
202,Buddy Hield\hieldbu01,SAC,"$4,861,208 ","$24,431,818 ","$22,477,273 ","$20,522,727 ","$18,568,182 ",,1st Round pick,"$90,861,208 "
203,Frank Ntilikina\ntilila01,NYK,"$4,855,800 ","$6,176,578 ",,,,,1st Round Pick,"$11,032,378 "
204,Ed Davis\davised01,UTA,"$4,767,000 ","$5,005,350 ",,,,,Room Exception,"$9,772,350 "
205,Richaun Holmes\holmeri01,SAC,"$4,767,000 ","$5,005,350 ",,,,,Room Exception,"$9,772,350 "
206,Frank Kaminsky\kaminfr01,PHO,"$4,767,000 ","$5,005,350 ",,,,,Room Exception,"$9,772,350 "
207,Mike Scott\scottmi01,PHI,"$4,767,000 ","$5,005,350 ",,,,,Room Exception,"$9,772,350 "
208,Avery Bradley\bradlav01,LAL,"$4,767,000 ","$5,005,350 ",,,,,Room Exception,"$9,772,350 "
209,Robin Lopez\lopezro01,MIL,"$4,767,000 ","$5,005,350 ",,,,,Room Exception,"$4,767,000 "
210,JaMychal Green\greenja01,LAC,"$4,767,000 ","$5,005,350 ",,,,,Room Exception,"$4,767,000 "
211,Justin Holiday\holidju01,IND,"$4,767,000 ",,,,,,Room Exception,"$4,767,000 "
212,Garrett Temple\templga01,BRK,"$4,767,000 ","$5,005,350 ",,,,,Room Exception,"$4,767,000 "
213,Enes Kanter\kanteen01,BOS,"$4,767,000 ","$5,005,350 ",,,,,Room Exception,"$4,767,000 "
214,Collin Sexton\sextoco01,CLE,"$4,764,960 ","$4,991,880 ","$6,349,671 ",,,,1st Round Pick,"$9,756,840 "
215,Rodney McGruder\mcgruro01,LAC,"$4,629,630 ","$5,000,000 ","$5,370,370 ",,,,,"$15,000,000 "
216,Rui Hachimura\hachiru01,WAS,"$4,469,160 ","$4,692,840 ","$4,916,160 ","$6,263,188 ",,,1st Round Pick,"$9,162,000 "
217,Kevon Looney\looneke01,GSW,"$4,464,286 ","$4,821,429 ","$5,178,572 ",,,,,"$9,285,715 "
218,Dennis Smith\smithde03,NYK,"$4,463,640 ","$5,686,677 ",,,,,1st Round Pick,"$10,150,317 "
219,Jamal Murray\murraja01,DEN,"$4,444,746 ","$29,250,000 ","$31,590,000 ","$33,930,000 ","$36,270,000 ","$38,610,000 ",1st Round pick,"$174,094,746 "
220,Kevin Knox\knoxke01,NYK,"$4,380,120 ","$4,588,680 ","$5,845,978 ",,,,1st Round Pick,"$8,968,800 "
221,Cam Reddish\reddica01,ATL,"$4,245,720 ","$4,458,000 ","$4,670,160 ","$5,954,454 ",,,1st Round Pick,"$8,703,720 "
222,Zach Collins\colliza01,POR,"$4,240,200 ","$5,406,255 ",,,,,1st Round Pick,"$9,646,455 "
223,Mikal Bridges\bridgmi01,PHO,"$4,161,000 ","$4,359,000 ","$5,557,725 ",,,,1st Round Pick,"$8,520,000 "
224,Alex Len\lenal01,SAC,"$4,160,000 ",,,,,,Room Exception,"$4,160,000 "
225,Cameron Johnson\johnsca02,PHO,"$4,033,440 ","$4,235,160 ","$4,437,000 ","$5,887,899 ",,,1st Round Pick,"$8,268,600 "
226,Malik Monk\monkma01,CHO,"$4,028,400 ","$5,345,687 ",,,,,1st Round Pick,"$9,374,087 "
227,Dorian Finney-Smith\finnedo01,DAL,"$4,000,000 ","$4,000,000 ","$4,000,000 ",,,,,"$12,000,000 "
228,JaVale McGee\mcgeeja01,LAL,"$4,000,000 ","$4,200,000 ",,,,,,"$8,200,000 "
229,Patrick McCaw\mccawpa01,TOR,"$4,000,000 ","$4,000,000 ",,,,,MLE,"$8,000,000 "
230,Reggie Bullock\bullore01,NYK,"$4,000,000 ","$4,200,000 ",,,,,Room Exception,"$5,000,000 "
231,Shai Gilgeous-Alexander\gilgesh01,OKC,"$3,952,920 ","$4,141,320 ","$5,495,532 ",,,,1st Round Pick,"$8,094,240 "
232,Nicolò Melli\mellini01,NOP,"$3,902,439 ","$4,097,561 ",,,,,Room Exception,"$8,000,000 "
233,P.J. Washington\washipj01,CHO,"$3,831,840 ","$4,023,600 ","$4,215,120 ","$5,808,435 ",,,1st Round Pick,"$7,855,440 "
234,Luke Kennard\kennalu01,DET,"$3,827,160 ","$5,273,826 ",,,,,1st Round Pick,"$9,100,986 "
235,Miles Bridges\bridgmi02,CHO,"$3,755,400 ","$3,934,320 ","$5,421,493 ",,,,1st Round Pick,"$7,689,720 "
236,Jakob Pöltl\poeltja01,SAS,"$3,754,886 ",,,,,,1st Round pick,"$3,754,886 "
237,Tyler Herro\herroty01,MIA,"$3,640,200 ","$3,822,240 ","$4,004,280 ","$5,722,116 ",,,1st Round Pick,"$7,462,440 "
238,Donovan Mitchell\mitchdo01,UTA,"$3,635,760 ","$5,195,501 ",,,,,1st Round Pick,"$8,831,261 "
239,Stanley Johnson\johnsst04,TOR,"$3,623,000 ","$3,801,000 ",,,,,Bi-annual Exception,"$3,623,000 "
240,Jake Layman\laymaja01,MIN,"$3,581,986 ","$3,761,085 ","$3,940,184 ",,,,,"$11,283,255 "
241,Thon Maker\makerth01,DET,"$3,569,643 ",,,,,,1st Round pick,"$3,569,643 "
242,Jerome Robinson\robinje01,WAS,"$3,567,720 ","$3,737,520 ","$5,340,916 ",,,,1st Round Pick,"$7,305,240 "
243,Allonzo Trier\trieral01,NYK,"$3,551,100 ",,,,,,Bi-Annual Exception,"$3,551,100 "
244,Danuel House\houseda01,HOU,"$3,540,000 ","$3,717,000 ","$3,894,000 ",,,,MLE,"$11,151,000 "
245,Domantas Sabonis\sabondo01,IND,"$3,529,555 ","$17,187,500 ","$18,562,500 ","$19,937,500 ","$21,312,500 ",,1st Round pick,"$80,529,555 "
246,Mirza Teletović\teletmi01,MIL,"$3,500,000 ","$3,500,000 ",,,,,,"$7,000,000 "
247,Boban Marjanović\marjabo01,DAL,"$3,500,000 ","$3,500,000 ",,,,,Bi-Annual Exception,"$7,000,000 "
248,T.J. McConnell\mccontj01,IND,"$3,500,000 ","$3,500,000 ",,,,,Cap Space,"$4,500,000 "
249,DeMarcus Cousins\couside01,LAL,"$3,500,000 ",,,,,,,"$3,500,000 "
250,Taurean Waller-Prince\princta02,BRK,"$3,481,986 ","$13,942,308 ","$15,057,692 ",,,,1st Round pick,"$32,481,986 "
251,Dario Šarić\saricda01,PHO,"$3,481,986 ",,,,,,1st Round pick,"$3,481,986 "
252,Romeo Langford\langfro01,BOS,"$3,458,400 ","$3,631,200 ","$3,804,360 ","$5,634,257 ",,,1st Round Pick,"$7,089,600 "
253,Bam Adebayo\adebaba01,MIA,"$3,454,080 ","$5,115,492 ",,,,,1st Round Pick,"$8,569,572 "
254,Kyle Korver\korveky01,PHO,"$3,440,000 ",,,,,,,"$3,440,000 "
255,Michael Porter\portemi01,DEN,"$3,389,400 ","$3,550,800 ","$5,258,735 ",,,,1st Round Pick,"$6,940,200 "
256,Denzel Valentine\valende01,CHI,"$3,377,569 ",,,,,,1st Round pick,"$3,377,569 "
257,Juan Hernangómez\hernaju01,MIN,"$3,321,030 ",,,,,,1st Round pick,"$3,321,030 "
258,Sekou Doumbouya\doumbse01,DET,"$3,285,120 ","$3,449,400 ","$3,613,680 ","$5,539,771 ",,,1st Round Pick,"$6,734,520 "
259,Justin Jackson\jacksju01,DAL,"$3,280,920 ","$5,029,650 ",,,,,1st Round Pick,"$8,310,570 "
260,Troy Brown\browntr01,WAS,"$3,219,480 ","$3,372,840 ","$5,170,564 ",,,,1st Round Pick,"$6,592,320 "
261,Jon Leuer\leuerjo01,MIL,"$3,169,348 ","$3,169,348 ","$3,169,347 ",,,,,"$9,508,043 "
262,Yogi Ferrell\ferreyo01,SAC,"$3,150,000 ",,,,,,Cap Space,"$3,150,000 "
263,Guerschon Yabusele\yabusgu01,BOS,"$3,117,240 ",,,,,,,"$3,117,240 "
264,Zhaire Smith\smithzh01,PHI,"$3,058,800 ","$3,204,600 ","$4,915,856 ",,,,1st Round Pick,"$6,263,400 "
265,Dwight Howard\howardw01,MEM,"$3,039,097 ",,,,,,,"$3,039,097 "
266,Khem Birch\birchkh01,ORL,"$3,000,000 ","$3,000,000 ",,,,,,"$6,000,000 "
267,Ryan Arcidiacono\arcidry01,CHI,"$3,000,000 ","$3,000,000 ","$3,000,000 ",,,,,"$6,000,000 "
268,Quinn Cook\cookqu01,LAL,"$3,000,000 ","$3,000,000 ",,,,,,"$4,000,000 "
269,Ömer Aşık\asikom01,CHI,"$3,000,000 ",,,,,,,"$3,000,000 "
270,Nickeil Alexander-Walker\alexani01,NOP,"$2,964,840 ","$3,113,160 ","$3,261,480 ","$5,009,633 ",,,1st Round Pick,"$6,078,000 "
271,D.J. Wilson\wilsodj01,MIL,"$2,961,120 ","$4,548,280 ",,,,,1st Round Pick,"$7,509,400 "
272,Cedi Osman\osmande01,CLE,"$2,907,143 ","$8,750,000 ","$8,050,000 ","$7,350,000 ","$6,650,000 ",,MLE,"$27,057,143 "
273,Donte DiVincenzo\divindo01,MIL,"$2,905,800 ","$3,044,160 ","$4,675,830 ",,,,1st Round Pick,"$5,949,960 "
274,Bryn Forbes\forbebr01,SAS,"$2,875,000 ",,,,,,Early Bird Rights,"$2,875,000 "
275,Andrew Nicholson\nichoan01,POR,"$2,844,429 ","$2,844,429 ","$2,844,429 ","$2,844,429 ","$2,844,429 ",,,"$14,222,145 "
276,Goga Bitadze\bitadgo01,IND,"$2,816,760 ","$2,957,520 ","$3,098,400 ","$4,765,339 ",,,1st Round Pick,"$5,774,280 "
277,T.J. Leaf\leaftj01,IND,"$2,813,280 ","$4,326,825 ",,,,,1st Round Pick,"$7,140,105 "
278,Lonnie Walker\walkelo01,SAS,"$2,760,480 ","$2,892,000 ","$4,447,896 ",,,,1st Round Pick,"$5,652,480 "
279,Alex Caruso\carusal01,LAL,"$2,750,000 ","$2,750,000 ",,,,,,"$5,500,000 "
280,Malik Beasley\beaslma01,MIN,"$2,731,714 ",,,,,,1st Round pick,"$2,731,714 "
281,Luka Šamanić\samanlu01,SAS,"$2,689,920 ","$2,824,320 ","$2,959,080 ","$4,556,983 ",,,1st Round Pick,"$5,514,240 "
282,John Collins\collijo01,ATL,"$2,686,560 ","$4,137,302 ",,,,,1st Round Pick,"$6,823,862 "
283,Kevin Huerter\huertke01,ATL,"$2,636,280 ","$2,761,920 ","$4,253,357 ",,,,1st Round Pick,"$5,398,200 "
284,Caris LeVert\leverca01,BRK,"$2,625,718 ","$16,203,704 ","$17,500,000 ","$18,796,296 ",,,1st Round pick,"$55,125,718 "
285,Marko Guduric\gudurma01,MEM,"$2,625,000 ","$2,750,000 ",,,,,Bi-annual Exception,"$5,375,000 "
286,DeAndre' Bembry\bembrde01,ATL,"$2,603,982 ",,,,,,1st Round pick,"$2,603,982 "
287,Matisse Thybulle\thybuma01,PHI,"$2,582,160 ","$2,711,280 ","$2,840,160 ","$4,379,527 ",,,1st Round Pick,"$5,293,440 "
288,Harry Giles\gilesha01,SAC,"$2,578,800 ",,,,,,1st Round Pick,"$2,578,800 "
289,Jeff Green\greenje02,UTA,"$2,564,753 ",,,,,,,"$2,564,753 "
290,Anthony Tolliver\tollian01,SAC,"$2,564,753 ",,,,,,,"$2,564,753 "
291,Pau Gasol\gasolpa01,POR,"$2,564,753 ",,,,,,,"$2,564,753 "
292,Wesley Matthews\matthwe02,MIL,"$2,564,753 ","$2,692,991 ",,,,,,"$2,564,753 "
293,Kyle Korver\korveky01,MIL,"$2,564,753 ",,,,,,Minimum Salary,"$2,564,753 "
294,Udonis Haslem\hasleud01,MIA,"$2,564,753 ",,,,,,Minimum Salary,"$2,564,753 "
295,Jared Dudley\dudleja01,LAL,"$2,564,753 ",,,,,,Minimum Salary,"$2,564,753 "
296,Rajon Rondo\rondora01,LAL,"$2,564,753 ","$2,619,605 ",,,,,,"$2,564,753 "
297,Dwight Howard\howardw01,LAL,"$2,564,753 ",,,,,,Minimum Salary,"$2,564,753 "
298,Thabo Sefolosha\sefolth01,HOU,"$2,564,753 ",,,,,,Minimum Salary,"$2,564,753 "
299,Tyson Chandler\chandty01,HOU,"$2,564,753 ",,,,,,Minimum Salary,"$2,564,753 "
300,Gerald Green\greenge01,DEN,"$2,564,753 ",,,,,,,"$2,564,753 "
301,J.J. Barea\bareajo01,DAL,"$2,564,753 ",,,,,,Minimum Salary,"$2,564,753 "
302,Wilson Chandler\chandwi01,BRK,"$2,564,753 ",,,,,,Minimum Salary,"$2,564,753 "
303,Nenê Hilário\hilarne01,ATL,"$2,564,753 ",,,,,,,"$2,564,753 "
304,Vince Carter\cartevi01,ATL,"$2,564,753 ",,,,,,Minimum Salary,"$2,564,753 "
305,Josh Okogie\okogijo01,MIN,"$2,530,680 ","$2,651,040 ","$4,087,904 ",,,,1st Round Pick,"$5,181,720 "
306,Vincent Poirier\poirivi01,BOS,"$2,505,793 ","$2,619,207 ",,,,,Minimum Salary,"$5,125,000 "
307,Rondae Hollis-Jefferson\holliro01,TOR,"$2,500,000 ",,,,,,MLE,"$2,500,000 "
308,Brandon Clarke\clarkbr01,MEM,"$2,478,840 ","$2,602,920 ","$2,726,880 ","$4,343,920 ",,,1st Round Pick,"$5,081,760 "
309,Terrance Ferguson\fergute01,OKC,"$2,475,840 ","$3,944,013 ",,,,,1st Round Pick,"$6,419,853 "
310,Grayson Allen\allengr01,MEM,"$2,429,400 ","$2,545,320 ","$4,054,695 ",,,,1st Round Pick,"$4,974,720 "
311,Grant Williams\willigr01,BOS,"$2,379,840 ","$2,498,760 ","$2,617,800 ","$4,306,281 ",,,1st Round Pick,"$4,878,600 "
312,Jarrett Allen\allenja01,BRK,"$2,376,840 ","$3,909,902 ",,,,,1st Round Pick,"$6,286,742 "
313,Pascal Siakam\siakapa01,TOR,"$2,351,839 ","$29,000,000 ","$31,320,000 ","$33,640,000 ","$35,960,000 ",,1st Round pick,"$132,271,839 "
314,Skal Labissière\labissk01,ATL,"$2,338,847 ",,,,,,1st Round pick,"$2,338,847 "
315,Chandler Hutchison\hutchch01,CHI,"$2,332,320 ","$2,443,440 ","$4,019,459 ",,,,1st Round Pick,"$4,775,760 "
316,Patrick Patterson\pattepa01,LAC,"$2,331,593 ",,,,,,Minimum Salary,"$2,331,593 "
317,Dejounte Murray\murrade01,SAS,"$2,321,735 ","$14,285,714 ","$15,428,571 ","$16,571,429 ","$17,714,286 ",,1st Round pick,"$66,321,735 "
318,Alec Burks\burksal01,PHI,"$2,320,044 ",,,,,,Minimum Salary,"$2,320,044 "
319,Isaiah Thomas\thomais02,LAC,"$2,320,044 ",,,,,,,"$2,320,044 "
320,Damian Jones\jonesda03,ATL,"$2,305,057 ",,,,,,1st Round pick,"$2,305,057 "
321,Darius Bazley\bazleda01,OKC,"$2,284,800 ","$2,399,160 ","$2,513,040 ","$4,264,629 ",,,1st Round Pick,"$4,683,960 "
322,OG Anunoby\anunoog01,TOR,"$2,281,800 ","$3,872,215 ",,,,,1st Round Pick,"$6,154,015 "
323,Ante Žižić\zizican01,CLE,"$2,281,800 ",,,,,,1st Round Pick,"$2,281,800 "
324,Monta Ellis\ellismo01,IND,"$2,245,400 ","$2,245,400 ","$2,245,400 ",,,,,"$6,736,200 "
325,Markieff Morris\morrima02,DET,"$2,241,808 ",,,,,,,"$2,241,808 "
326,Aaron Holiday\holidaa01,IND,"$2,239,200 ","$2,345,640 ","$3,980,551 ",,,,1st Round Pick,"$4,584,840 "
327,Luke Kornet\kornelu01,CHI,"$2,195,122 ","$2,304,878 ",,,,,Room Exception,"$4,500,000 "
328,Ty Jerome\jeromty01,PHO,"$2,193,480 ","$2,303,040 ","$2,412,840 ","$4,220,057 ",,,1st Round Pick,"$4,496,520 "
329,Willie Cauley-Stein\caulewi01,DAL,"$2,177,483 ","$2,286,357 ",,,,,MLE,"$2,177,483 "
330,Austin Rivers\riverau01,HOU,"$2,174,318 ","$2,369,663 ",,,,,Minimum Salary,"$2,174,318 "
331,Carmelo Anthony\anthoca01,POR,"$2,159,029 ",,,,,,Minimum Salary,"$2,159,029 "
332,Anfernee Simons\simonan01,POR,"$2,149,560 ","$2,252,040 ","$3,938,818 ",,,,1st Round Pick,"$4,401,600 "
333,Matt Barnes\barnema02,SAC,"$2,133,541 ",,,,,,,"$2,133,541 "
334,Nassir Little\littlna01,POR,"$2,105,520 ","$2,210,640 ","$2,316,240 ","$4,171,548 ",,,1st Round Pick,"$4,316,160 "
335,Torrey Craig\craigto01,DEN,"$2,100,000 ",,,,,,Cap Space,"$2,100,000 "
336,Moritz Wagner\wagnemo01,WAS,"$2,063,520 ","$2,161,920 ","$3,893,618 ",,,,1st Round Pick,"$4,225,440 "
337,Dylan Windler\windldy01,CLE,"$2,035,800 ","$2,137,440 ","$2,239,200 ","$4,037,278 ",,,1st Round Pick,"$4,173,240 "
338,Caleb Swanigan\swanica01,POR,"$2,033,160 ",,,,,,1st Round Pick,"$2,033,160 "
339,Trey Burke\burketr01,PHI,"$2,028,594 ",,,,,,,"$2,028,594 "
340,Kyle O'Quinn\oquinky01,PHI,"$2,028,594 ",,,,,,Minimum Salary,"$2,028,594 "
341,Michael Carter-Williams\cartemi01,ORL,"$2,028,594 ",,,,,,Minimum Salary,"$2,028,594 "
342,Mike Muscala\muscami01,OKC,"$2,028,594 ","$2,283,034 ",,,,,,"$2,028,594 "
343,Nerlens Noel\noelne01,OKC,"$2,028,594 ",,,,,,Minimum Salary,"$2,028,594 "
344,Troy Daniels\danietr01,LAL,"$2,028,594 ",,,,,,,"$2,028,594 "
345,Ben McLemore\mclembe01,HOU,"$2,028,594 ","$2,283,034 ",,,,,,"$2,028,594 "
346,Spencer Hawes\hawessp01,MIL,"$2,007,058 ",,,,,,,"$2,007,058 "
347,Edmond Sumner\sumneed01,IND,"$2,000,000 ","$2,160,000 ","$2,320,000 ",,,,,"$4,160,000 "
348,Avery Bradley\bradlav01,MEM,"$2,000,000 ",,,,,,,"$2,000,000 "
349,Noah Vonleh\vonleno01,DEN,"$2,000,000 ",,,,,,MLE,"$2,000,000 "
350,Landry Shamet\shamela01,LAC,"$1,995,120 ","$2,090,040 ","$3,768,342 ",,,,1st Round Pick,"$4,085,160 "
351,Mfiondu Kabengele\kabenmf01,LAC,"$1,977,000 ","$2,075,880 ","$2,174,880 ","$3,923,484 ",,,1st Round Pick,"$4,052,880 "
352,Kyle Kuzma\kuzmaky01,LAL,"$1,974,600 ","$3,562,178 ",,,,,1st Round Pick,"$5,536,778 "
353,Jordan Poole\poolejo01,GSW,"$1,964,760 ","$2,063,280 ","$2,161,440 ","$3,901,399 ",,,1st Round Pick,"$4,028,040 "
354,Tony Bradley\bradlto01,UTA,"$1,962,360 ","$3,542,060 ",,,,,1st Round Pick,"$5,504,420 "
355,Keldon Johnson\johnske04,SAS,"$1,950,600 ","$2,048,040 ","$2,145,720 ","$3,873,025 ",,,1st Round Pick,"$3,998,640 "
356,Derrick White\whitede01,SAS,"$1,948,080 ","$3,516,284 ",,,,,1st Round Pick,"$5,464,364 "
357,Robert Williams\williro04,BOS,"$1,937,520 ","$2,029,920 ","$3,661,976 ",,,,1st Round Pick,"$3,967,440 "
358,Josh Hart\hartjo01,NOP,"$1,934,160 ","$3,491,159 ",,,,,1st Round Pick,"$5,425,319 "
359,Jacob Evans\evansja02,MIN,"$1,925,880 ","$2,017,320 ","$3,641,263 ",,,,1st Round Pick,"$3,943,200 "
360,Anderson Varejão\varejan01,POR,"$1,913,345 ","$1,913,345 ",,,,,,"$3,826,690 "
361,Džanan Musa\musadz01,BRK,"$1,911,600 ","$2,002,800 ","$3,615,054 ",,,,1st Round Pick,"$3,914,400 "
362,Omari Spellman\spellom01,MIN,"$1,897,800 ","$1,988,280 ","$3,588,845 ",,,,1st Round Pick,"$3,886,080 "
363,Shabazz Napier\napiesh01,WAS,"$1,882,867 ",,,,,,Cap Space,"$1,882,867 "
364,Glenn Robinson\robingl02,PHI,"$1,882,867 ","$2,071,978 ",,,,,,"$1,882,867 "
365,James Ennis\ennisja01,ORL,"$1,882,867 ","$2,071,978 ",,,,,,"$1,882,867 "
366,Tim Frazier\fraziti01,DET,"$1,882,867 ",,,,,,,"$1,882,867 "
367,Larry Sanders\sandela01,MIL,"$1,865,547 ","$1,865,547 ","$1,865,547 ",,,,,"$5,596,641 "
368,Bruno Caboclo\cabocbr01,HOU,"$1,845,301 ",,,,,,,"$1,845,301 "
369,Georges Niang\niangge01,UTA,"$1,783,557 ","$1,678,854 ",,,,,,"$1,678,854 "
370,Markieff Morris\morrima02,LAL,"$1,750,000 ",,,,,,DPE,"$1,750,000 "
371,Mario Hezonja\hezonma01,POR,"$1,737,145 ","$1,882,867 ",,,,,Minimum Salary,"$3,620,012 "
372,Emmanuel Mudiay\mudiaem01,UTA,"$1,737,145 ",,,,,,Minimum Salary,"$1,737,145 "
373,Raul Neto\netora01,PHI,"$1,737,145 ",,,,,,Minimum Salary,"$1,737,145 "
374,JaKarr Sampson\sampsja02,IND,"$1,737,145 ",,,,,,Minimum Salary,"$1,737,145 "
375,Pat Connaughton\connapa01,MIL,"$1,723,050 ",,,,,,,"$1,723,050 "
376,Jahlil Okafor\okafoja01,NOP,"$1,702,486 ",,,,,,Minimum Salary,"$1,702,486 "
377,Rodions Kurucs\kurucro01,BRK,"$1,699,236 ","$1,780,152 ","$1,861,068 ",,,,,"$3,479,388 "
378,Jonah Bolden\boldejo01,PHI,"$1,698,450 ",,,,,,,"$1,698,450 "
379,Cheick Diallo\diallch01,PHO,"$1,678,854 ","$1,824,003 ",,,,,Minimum Salary,"$1,678,854 "
380,Dragan Bender\bendedr01,MIL,"$1,678,854 ",,,,,,,"$1,678,854 "
381,David Nwaba\nwabada01,BRK,"$1,678,854 ",,,,,,,"$1,678,854 "
382,Treveon Graham\grahatr01,ATL,"$1,678,854 ",,,,,,Minimum Salary,"$1,678,854 "
383,Willy Hernangómez\hernawi01,CHO,"$1,676,735 ",,,,,,Cap Space,"$1,676,735 "
384,Derrick Jones\jonesde02,MIA,"$1,645,357 ",,,,,,Minimum Salary,"$1,645,357 "
385,Christian Wood\woodch01,DET,"$1,645,357 ",,,,,,Minimum Salary,"$1,645,357 "
386,Jordan McRae\mcraejo01,DEN,"$1,645,357 ",,,,,,,"$1,645,357 "
387,Furkan Korkmaz\korkmfu01,PHI,"$1,620,564 ","$1,762,796 ",,,,,Minimum Salary,"$1,620,564 "
388,Jordan Bell\belljo01,MEM,"$1,620,564 ",,,,,,Minimum Salary,"$1,620,564 "
389,Justin Patton\pattoju01,DAL,"$1,620,564 ",,,,,,,"$1,620,564 "
390,Royce O'Neale\onealro01,UTA,"$1,618,520 ","$8,035,714 ","$8,678,571 ","$9,321,429 ","$9,964,286 ",,Cap space,"$37,618,520 "
391,Dillon Brooks\brookdi01,MEM,"$1,618,520 ","$11,400,000 ","$12,200,000 ","$11,400,000 ",,,MLE,"$36,618,520 "
392,Wesley Iwundu\iwundwe01,ORL,"$1,618,520 ",,,,,,,"$1,618,520 "
393,Abdel Nader\naderab01,OKC,"$1,618,520 ","$1,752,950 ",,,,,,"$1,618,520 "
394,Damyean Dotson\dotsoda01,NYK,"$1,618,520 ",,,,,,Minimum Salary,"$1,618,520 "
395,Frank Jackson\jacksfr01,NOP,"$1,618,520 ",,,,,,MLE,"$1,618,520 "
396,Sterling Brown\brownst02,MIL,"$1,618,520 ",,,,,,MLE,"$1,618,520 "
397,Dwayne Bacon\bacondw01,CHO,"$1,618,520 ",,,,,,MLE,"$1,618,520 "
398,Semi Ojeleye\ojelese01,BOS,"$1,618,520 ","$1,752,950 ",,,,,,"$1,618,520 "
399,Chris Boucher\bouchch01,TOR,"$1,588,231 ",,,,,,,"$1,588,231 "
400,Malcolm Miller\millema01,TOR,"$1,588,231 ",,,,,,,"$1,588,231 "
401,Monte Morris\morrimo01,DEN,"$1,588,231 ","$1,663,861 ",,,,,Minimum Salary,"$1,588,231 "
402,Mitchell Robinson\robinmi01,NYK,"$1,559,712 ","$1,663,861 ","$1,802,057 ",,,,MLE,"$1,559,712 "
403,Vlatko Čančar\cancavl01,DEN,"$1,517,981 ","$898,310 ","$1,782,621 ",,,,MLE,"$2,416,291 "
404,Isaiah Roby\robyis01,OKC,"$1,500,000 ","$1,517,981 ","$1,782,621 ","$1,930,681 ",,,MLE,"$3,017,981 "
405,Nigel Williams-Goss\willini01,UTA,"$1,500,000 ","$1,517,981 ","$1,782,621 ",,,,,"$1,500,000 "
406,J.R. Smith\smithjr01,CLE,"$1,456,667 ","$1,456,667 ","$1,456,666 ",,,,,"$4,370,000 "
407,Shake Milton\miltosh01,PHI,"$1,445,697 ","$1,701,593 ","$1,846,738 ","$1,997,718 ",,,Cap Space,"$4,994,028 "
408,Thanasis Antetokounmpo\antetth01,MIL,"$1,445,697 ","$1,701,593 ",,,,,Minimum Salary,"$3,147,290 "
409,Amile Jefferson\jeffeam01,ORL,"$1,445,697 ",,,,,,,"$1,445,697 "
410,Theo Pinson\pinsoth01,BRK,"$1,445,697 ","$1,701,593 ",,,,,,"$1,445,697 "
411,Brad Wanamaker\wanambr01,BOS,"$1,445,697 ",,,,,,Minimum Salary,"$1,445,697 "
412,Derrick Walton\waltode01,ATL,"$1,445,697 ",,,,,,,"$1,445,697 "
413,Ryan Broekhoff\broekry01,DAL,"$1,443,842 ",,,,,,,"$1,443,842 "
414,Gary Trent\trentga02,POR,"$1,416,852 ","$1,663,861 ",,,,,MLE,"$3,080,713 "
415,Isaac Bonga\bongais01,WAS,"$1,416,852 ","$1,663,861 ",,,,,,"$1,416,852 "
416,Chimezie Metu\metuch01,SAS,"$1,416,852 ","$1,663,861 ",,,,,MLE,"$1,416,852 "
417,Jevon Carter\carteje01,PHO,"$1,416,852 ",,,,,,MInimum Salary,"$1,416,852 "
418,Elie Okobo\okoboel01,PHO,"$1,416,852 ","$1,663,861 ","$1,802,057 ",,,,,"$1,416,852 "
419,Melvin Frazier\frazime01,ORL,"$1,416,852 ","$1,663,861 ",,,,,MLE,"$1,416,852 "
420,Deonte Burton\burtode02,OKC,"$1,416,852 ",,,,,,,"$1,416,852 "
421,Hamidou Diallo\diallha01,OKC,"$1,416,852 ","$1,663,861 ",,,,,MLE,"$1,416,852 "
422,Kenrich Williams\willike04,NOP,"$1,416,852 ",,,,,,Minimum Salary,"$1,416,852 "
423,Jarred Vanderbilt\vandeja01,MIN,"$1,416,852 ","$1,663,861 ",,,,,Cap Space,"$1,416,852 "
424,Duncan Robinson\robindu01,MIA,"$1,416,852 ","$1,663,861 ",,,,,,"$1,416,852 "
425,Kendrick Nunn\nunnke01,MIA,"$1,416,852 ","$1,663,861 ",,,,,,"$1,416,852 "
426,De'Anthony Melton\meltode01,MEM,"$1,416,852 ",,,,,,,"$1,416,852 "
427,Alize Johnson\johnsal02,IND,"$1,416,852 ",,,,,,Minimum Salary,"$1,416,852 "
428,Isaiah Hartenstein\harteis01,HOU,"$1,416,852 ","$1,663,861 ",,,,,MLE,"$1,416,852 "
429,Sviatoslav Mykhailiuk\mykhasv01,DET,"$1,416,852 ","$1,663,861 ",,,,,Cap Space,"$1,416,852 "
430,Bruce Brown\brownbr01,DET,"$1,416,852 ","$1,663,861 ",,,,,MLE,"$1,416,852 "
431,Keita Bates-Diop\bateske01,DEN,"$1,416,852 ","$1,663,861 ",,,,,MLE,"$1,416,852 "
432,Devonte' Graham\grahade01,CHO,"$1,416,852 ","$1,663,861 ",,,,,MLE,"$1,416,852 "
433,Jalen Brunson\brunsja01,DAL,"$1,416,582 ","$1,663,861 ","$1,802,057 ",,,,Cap Space,"$3,080,443 "
434,Bruno Fernando\fernabr01,ATL,"$1,400,000 ","$1,517,981 ","$1,782,621 ",,,,,"$4,700,602 "
435,Jaylen Nowell\nowelja01,MIN,"$1,400,000 ","$1,517,981 ","$1,782,621 ","$1,930,681 ",,,MLE,"$1,400,000 "
436,Alfonzo McKinnie\mckinal01,CLE,"$1,361,046 ","$1,762,796 ","$1,910,860 ","$2,165,298 ",,,MLE,"$2,253,031 "
437,Kevin Porter\porteke02,CLE,"$1,290,960 ","$2,033,160 ","$2,130,240 ","$3,845,083 ",,,1st Round Pick,"$3,324,120 "
438,Carsen Edwards\edwarca01,BOS,"$1,200,000 ","$1,517,981 ","$1,782,621 ","$1,930,681 ",,,,"$4,500,602 "
439,Cody Martin\martico01,CHO,"$1,173,310 ","$1,517,981 ","$1,782,621 ",,,,MLE,"$4,473,912 "
440,Gary Payton\paytoga02,WAS,"$1,090,781 ",,,,,,Minimum Salary,"$1,090,781 "
441,George Hill\hillge01,MIL,"$1,000,000 ",,,,,,,"$21,000,000 "
442,Terance Mann\mannte01,LAC,"$1,000,000 ","$1,517,984 ","$1,782,621 ","$1,930,681 ",,,,"$2,517,984 "
443,Jonathon Simmons\simmojo02,WAS,"$1,000,000 ",,,,,,,"$1,000,000 "
444,Justin Hamilton\hamilju01,TOR,"$1,000,000 ",,,,,,,"$1,000,000 "
445,Kyle Singler\singlky01,OKC,"$999,200 ","$999,200 ","$999,200 ","$999,200 ",,,,"$3,996,800 "
446,Marvin Williams\willima02,MIL,"$956,349 ",,,,,,Minimum Salary,"$956,349 "
447,Admiral Schofield\schofad01,WAS,"$898,310 ","$1,517,981 ","$1,782,621 ",,,,MLE,"$4,198,912 "
448,KZ Okpala\okpalkz01,MIA,"$898,310 ","$1,517,981 ","$1,782,621 ",,,,MLE,"$4,198,912 "
449,Eric Paschall\pascher01,GSW,"$898,310 ","$1,517,981 ","$1,782,621 ",,,,MLE,"$4,198,912 "
450,Nicolas Claxton\claxtni01,BRK,"$898,310 ","$1,517,981 ","$1,782,621 ",,,,Minimum Salary,"$4,198,912 "
451,Justin James\jamesju01,SAC,"$898,310 ","$1,517,981 ","$1,782,621 ",,,,Minimum Salary,"$2,416,291 "
452,Jalen Lecque\lecquja01,PHO,"$898,310 ","$1,517,981 ","$1,782,621 ","$1,930,681 ",,,,"$2,416,291 "
453,Ignas Brazdeikis\brazdig01,NYK,"$898,310 ","$1,517,981 ","$1,782,621 ",,,,Minimum Salary,"$2,416,291 "
454,Talen Horton-Tucker\hortota01,LAL,"$898,310 ","$1,517,981 ",,,,,Minimum Salary,"$2,416,291 "
455,Daniel Gafford\gaffoda01,CHI,"$898,310 ","$1,517,981 ","$1,782,621 ","$1,930,681 ",,,Minimum Salary,"$2,416,291 "
456,Alen Smailagić\smailal01,GSW,"$898,310 ","$1,517,981 ","$1,782,621 ","$1,930,681 ",,,MLE,"$2,415,891 "
457,Matt Thomas\thomama02,TOR,"$898,310 ","$1,517,981 ","$1,782,621 ",,,,MLE,"$1,623,310 "
458,Miye Oni\onimi01,UTA,"$898,310 ","$1,517,981 ","$1,782,621 ",,,,Minimum Salary,"$898,310 "
459,Dewan Hernandez\hernade01,TOR,"$898,310 ","$1,517,981 ","$1,782,621 ",,,,MLE,"$898,310 "
460,Terence Davis\daviste02,TOR,"$898,310 ","$1,517,981 ",,,,,Minimum Salary,"$898,310 "
461,Wenyen Gabriel\gabriwe01,POR,"$898,310 ",,,,,,Two-Way Contract,"$898,310 "
462,Naz Reid\reidna01,MIN,"$898,310 ","$1,517,981 ","$1,782,621 ","$1,930,681 ",,,MLE,"$898,310 "
463,Jalen McDaniels\mcdanja01,CHO,"$898,310 ","$1,517,981 ","$1,782,621 ","$1,930,681 ",,,Minimum Salary,"$898,310 "
464,Caleb Martin\martica02,CHO,"$898,310 ","$1,517,981 ","$1,782,621 ",,,,Minimum Salary,"$898,310 "
465,Shaquille Harrison\harrish01,CHI,"$898,310 ",,,,,,,"$898,310 "
466,Javonte Green\greenja02,BOS,"$898,310 ","$1,517,981 ",,,,,Minimum Salary,"$898,310 "
467,Damion Lee\leeda03,GSW,"$842,327 ","$1,762,796 ","$1,910,860 ",,,,MLE,"$1,442,327 "
468,Khyri Thomas\thomakh01,DET,"$838,464 ","$1,663,861 ",,,,,MLE,"$838,464 "
469,DeMarre Carroll\carrode01,HOU,"$811,447 ",,,,,,Minimum Salary,"$811,447 "
470,Michael Kidd-Gilchrist\kiddgmi01,DAL,"$810,763 ",,,,,,Minimum Salary,"$810,763 "
471,Marquese Chriss\chrisma01,GSW,"$758,804 ",,,,,,,"$2,213,272 "
472,Juwan Morgan\morgaju01,UTA,"$746,054 ",,,,,,Minimum Salary,"$746,054 "
473,Patrick Patterson\pattepa01,OKC,"$737,067 ","$737,067 ","$737,066 ",,,,,"$2,211,200 "
474,Reggie Jackson\jacksre01,LAC,"$734,025 ",,,,,,Minimum Salary,"$734,025 "
475,Alfonzo McKinnie\mckinal01,CLE,"$708,871 ",,,,,,,"$2,253,031 "
476,Gary Clark\clarkga01,HOU,"$708,426 ",,,,,,,"$708,426 "
477,Jeff Green\greenje02,HOU,"$695,526 ",,,,,,Minimum Salary,"$840,427 "
478,Cole Aldrich\aldrico01,MIN,"$685,340 ","$685,340 ",,,,,,"$1,370,680 "
479,Shaun Livingston\livinsh01,GSW,"$666,667 ","$666,667 ","$666,666 ",,,,,"$2,666,666 "
480,Marquese Chriss\chrisma01,GSW,"$654,468 ","$1,824,003 ",,,,,Minimum Salary,"$2,213,272 "
481,Timothé Luwawu-Cabarrot\luwawti01,BRK,"$654,468 ","$1,824,003 ",,,,,Minimum Salary,"$844,170 "
482,Rayjon Tucker\tuckera01,UTA,"$578,573 ","$1,517,981 ",,,,,Minimum Salary,"$578,574 "
483,Chris Clemons\clemoch01,HOU,"$568,422 ","$1,517,981 ","$1,782,621 ",,,,MLE,"$568,422 "
484,Gary Clark\clarkga01,ORL,"$555,409 ",,,,,,Minimum Salary,"$718,765 "
485,Brandon Goodwin\goodwbr01,ATL,"$522,738 ","$1,701,593 ",,,,,Minimum Salary,"$522,738 "
486,Ryan Anderson\anderry01,HOU,"$500,000 ",,,,,,,"$500,000 "
487,Anžejs Pasečņiks\pasecan01,WAS,"$482,144 ",,,,,,Minimum Salary,"$482,144 "
488,Chris Silva\silvach01,MIA,"$466,918 ","$1,517,981 ","$1,782,621 ",,,,MLE,"$1,984,899 "
489,Dakari Johnson\johnsda04,MEM,"$459,414 ","$459,414 ",,,,,,"$918,828 "
490,Iman Shumpert\shumpim01,BRK,"$419,443 ",,,,,,,"$419,443 "
491,Max Strus\strusma01,BOS,"$415,414 ",,,,,,,"$415,414 "
492,Justin Robinson\robinju01,WAS,"$395,866 ",,,,,,,"$395,866 "
493,Ivan Rabb\rabbiv01,MEM,"$371,758 ",,,,,,,"$371,758 "
494,Norvel Pelle\pelleno01,PHI,"$350,189 ",,,,,,Minimum Salary,"$350,189 "
495,Ky Bowman\bowmaky01,GSW,"$350,189 ","$1,517,981 ","$1,782,621 ",,,,Minimum Salary,"$350,189 "
496,Juan Toscano-Anderson\toscaju01,GSW,"$350,189 ","$1,517,981 ","$1,782,621 ",,,,Minimum Salary,"$350,189 "
497,A.J. Hammons\hammoaj01,MIA,"$350,087 ","$350,087 ",,,,,,"$700,174 "
498,Festus Ezeli\ezelife01,POR,"$333,333 ",,,,,,,"$333,333 "
499,C.J. Watson\watsocj01,ORL,"$333,333 ",,,,,,,"$333,333 "
500,Stanton Kidd\kiddst01,UTA,"$250,000 ",,,,,,,"$250,000 "
501,Joe Johnson\johnsjo02,DET,"$220,000 ",,,,,,,"$220,000 "
502,Jemerrio Jones\jonesje01,WAS,"$199,000 ",,,,,,,"$199,000 "
503,Timothé Luwawu-Cabarrot\luwawti01,BRK,"$189,702 ",,,,,,,"$844,170 "
504,Alfonzo McKinnie\mckinal01,CLE,"$183,114 ",,,,,,,"$2,253,031 "
505,Gary Clark\clarkga01,ORL,"$163,356 ",,,,,,,"$718,765 "
506,Cameron Payne\payneca01,TOR,"$150,000 ",,,,,,,"$150,000 "
507,Jeff Green\greenje02,HOU,"$144,901 ",,,,,,,"$840,427 "
508,Troy Williams\willitr02,HOU,"$122,741 ","$122,741 ","$122,741 ","$122,741 ",,,,"$490,964 "
509,Johnathan Williams\willijo04,WAS,"$106,181 ",,,,,,,"$106,181 "
510,Tyler Cook\cookty01,CLE,"$101,504 ",,,,,,,"$151,504 "
511,Yante Maten\matenya01,MIA,"$100,000 ",,,,,,,"$100,000 "
512,Jaylen Adams\adamsja01,ATL,"$100,000 ",,,,,,,"$100,000 "
513,Justin Anderson\anderju01,BRK,"$98,144 ",,,,,,,"$98,144 "
514,Dragan Bender\bendedr01,GSW,"$94,851 ",,,,,,Minimum Salary,"$94,851 "
515,Demetrius Jackson\jacksde01,BOS,"$92,857 ","$92,857 ","$92,857 ","$92,857 ","$92,857 ",,,"$464,285 "
516,Jeremy Pargo\pargoje01,GSW,"$91,557 ",,,,,,,"$91,557 "
517,Jonah Bolden\boldejo01,PHO,"$81,678 ",,,,,,,"$81,678 "
518,Josh Magette\magetjo01,ORL,"$81,678 ",,,,,,,"$81,678 "
519,Dusty Hannahs\hannadu01,MEM,"$81,678 ",,,,,,,"$81,678 "
520,Jarrod Uthoff\uthofja01,MEM,"$81,678 ",,,,,,Minimum Salary,"$81,678 "
521,Derrick Walton\waltode01,DET,"$81,678 ",,,,,,Minimum Salary,"$81,678 "
522,J.P. Macura\macurjp01,CLE,"$81,678 ",,,,,,,"$81,678 "
523,Joe Chealey\chealjo01,CHO,"$81,678 ",,,,,,Minimum Salary,"$81,678 "
524,Eric Mika\mikaer01,SAC,"$50,752 ",,,,,,,"$50,752 "
525,Zach Norvell\norveza01,GSW,"$50,752 ",,,,,,,"$50,752 "
526,Mychal Mulder\muldemy01,GSW,"$50,752 ",,,,,,Minimum Salary,"$50,752 "
527,Donta Hall\halldo01,DET,"$50,752 ",,,,,,Minimum Salary,"$50,752 "
528,Malik Newman\newmama01,CLE,"$50,752 ",,,,,,,"$50,752 "
529,Marques Bolden\boldema01,CLE,"$50,752 ",,,,,,,"$50,752 "
530,Paul Watson\watsopa01,ATL,"$50,752 ",,,,,,,"$50,752 "
531,Tyler Cook\cookty01,CLE,"$50,000 ",,,,,,,"$151,504 "
532,William Howard\howarwi01,UTA,"$50,000 ",,,,,,,"$50,000 "
533,Isaiah Taylor\taylois01,TOR,"$50,000 ",,,,,,,"$50,000 "
534,Tyler Lydon\lydonty01,SAC,"$50,000 ",,,,,,,"$50,000 "
535,Hollis Thompson\thompho01,SAC,"$50,000 ",,,,,,,"$50,000 "
536,Tyler Ulis\ulisty01,SAC,"$50,000 ",,,,,,,"$50,000 "